{"last_diary_share": 1776613614.046963, "triggers": {"weather_alert": 1776664879.2375762, "diary_inject": 1776657720.165753, "topic_followup": 1776592896.0211616, "night_reminder": 1776610831.861034, "daily_journal": 1776610843.6143942, "random_message": 1776664872.1840582, "timenode": 1776664808.2529886}}